{
  "bert-base-uncased": {
    "model": "bert-base-uncased",
    "n_samples": 120,
    "overall_mean_kl": 0.12868823111057281,
    "overall_std_kl": 0.1771649718284607,
    "t_statistic": -4.3909332927470395,
    "p_value": 2.460328736264204e-05,
    "cohens_d": -0.4025161867689881,
    "supported": false,
    "category_analysis": {
      "physical": {
        "mean": 0.22080884873867035,
        "std": 0.19793172180652618,
        "n": 24
      },
      "biological": {
        "mean": 0.10414087772369385,
        "std": 0.18528307974338531,
        "n": 24
      },
      "psychological": {
        "mean": 0.09007380157709122,
        "std": 0.1331424117088318,
        "n": 24
      },
      "social": {
        "mean": 0.06652442365884781,
        "std": 0.11680915206670761,
        "n": 24
      },
      "logical": {
        "mean": 0.16189318895339966,
        "std": 0.1910819113254547,
        "n": 24
      }
    },
    "raw_divergences": [
      0.16236698627471924,
      0.1894056797027588,
      0.14473004639148712,
      0.18190303444862366,
      0.19523286819458008,
      0.18451108038425446,
      0.5702981352806091,
      0.5592027306556702,
      0.5605571866035461,
      0.001957801403477788,
      0.0009556958684697747,
      0.007877248339354992,
      0.0003067878424189985,
      0.00038388598477467895,
      0.00028770213248208165,
      0.166159987449646,
      0.19171662628650665,
      0.17810273170471191,
      0.14915986359119415,
      0.15356113016605377,
      0.14895454049110413,
      0.513731837272644,
      0.5573456287384033,
      0.48070281744003296,
      0.5633905529975891,
      0.5495128035545349,
      0.5830157399177551,
      0.0014362689107656479,
      0.0008685239590704441,
      0.0009931924287229776,
      0.022198472172021866,
      0.0229710154235363,
      0.04809671267867088,
      0.0033851242624223232,
      0.026230651885271072,
      0.0008193378453142941,
      0.0020570082124322653,
      0.0014284796779975295,
      0.0016579105285927653,
      0.013384788297116756,
      0.054394785314798355,
      0.024194737896323204,
      0.16277167201042175,
      0.25526368618011475,
      0.15968018770217896,
      0.0006425347528420389,
      0.0005330162821337581,
      0.0004538400680758059,
      0.0006718403892591596,
      0.000905962660908699,
      0.0007027441170066595,
      0.0032683766912668943,
      0.002357361139729619,
      0.0013810431119054556,
      0.002793344436213374,
      0.003002163954079151,
      0.0009054655092768371,
      0.01751047559082508,
      0.009054664522409439,
      0.015773747116327286,
      0.23570911586284637,
      0.16001711785793304,
      0.12710049748420715,
      0.1295425444841385,
      0.12537330389022827,
      0.13034598529338837,
      0.0016818828880786896,
      0.001912248320877552,
      0.0015998820308595896,
      0.4076516926288605,
      0.40412208437919617,
      0.3783878684043884,
      0.002056300872936845,
      0.0022543519735336304,
      0.0015795229701325297,
      0.01461619883775711,
      0.011419852264225483,
      0.00884053111076355,
      0.0013494978193193674,
      0.00151550630107522,
      0.0009380553965456784,
      0.0009778273524716496,
      0.0014514824142679572,
      0.000824223505333066,
      0.19716095924377441,
      0.19485853612422943,
      0.151841938495636,
      0.0013729112688452005,
      0.0012945475755259395,
      0.0009637879556976259,
      0.0011769100092351437,
      0.0013130477163940668,
      0.0009351076441816986,
      0.3511314392089844,
      0.3447457253932953,
      0.30196794867515564,
      0.0009986985241994262,
      0.0012385312002152205,
      0.0011665791971608996,
      0.5051841139793396,
      0.48563528060913086,
      0.5403822064399719,
      0.18619133532047272,
      0.1816110759973526,
      0.16885064542293549,
      0.010999667458236217,
      0.012947491370141506,
      0.009293287992477417,
      0.43525639176368713,
      0.43457338213920593,
      0.4144757091999054,
      0.005243145860731602,
      0.004737847484648228,
      0.004698197823017836,
      0.16785097122192383,
      0.16351695358753204,
      0.14360235631465912,
      0.00208497466519475,
      0.003460242645815015,
      0.001437659258954227
    ]
  },
  "roberta-base": {
    "model": "roberta-base",
    "n_samples": 120,
    "overall_mean_kl": 0.1790153533220291,
    "overall_std_kl": 0.21243081986904144,
    "t_statistic": -1.0776000588928851,
    "p_value": 0.283391885666382,
    "cohens_d": -0.09878343778415691,
    "supported": false,
    "category_analysis": {
      "physical": {
        "mean": 0.33849525451660156,
        "std": 0.19728043675422668,
        "n": 24
      },
      "biological": {
        "mean": 0.12040519714355469,
        "std": 0.1972954273223877,
        "n": 24
      },
      "psychological": {
        "mean": 0.13478527963161469,
        "std": 0.18627232313156128,
        "n": 24
      },
      "social": {
        "mean": 0.1747450828552246,
        "std": 0.22562666237354279,
        "n": 24
      },
      "logical": {
        "mean": 0.1266459971666336,
        "std": 0.16911055147647858,
        "n": 24
      }
    },